# timestamp_ns, image
5000000,frame_000000.png
6000000,frame_000001.png
7000000,frame_000002.png
8000000,frame_000003.png
9000000,frame_000004.png
10000000,frame_000005.png
11000000,frame_000006.png
12000000,frame_000007.png
13000000,frame_000008.png
14000000,frame_000009.png
15000000,frame_000010.png
16000000,frame_000011.png
17000000,frame_000012.png
18000000,frame_000013.png
19000000,frame_000014.png
20000000,frame_000015.png
21000000,frame_000016.png
22000000,frame_000017.png
23000000,frame_000018.png
24000000,frame_000019.png
25000000,frame_000020.png
26000000,frame_000021.png
27000000,frame_000022.png
28000000,frame_000023.png
29000000,frame_000024.png
30000000,frame_000025.png
31000000,frame_000026.png
32000000,frame_000027.png
33000000,frame_000028.png
34000000,frame_000029.png
35000000,frame_000030.png
36000000,frame_000031.png
37000000,frame_000032.png
38000000,frame_000033.png
39000000,frame_000034.png
40000000,frame_000035.png
41000000,frame_000036.png
42000000,frame_000037.png
43000000,frame_000038.png
44000000,frame_000039.png
45000000,frame_000040.png
46000000,frame_000041.png
47000000,frame_000042.png
48000000,frame_000043.png
49000000,frame_000044.png
50000000,frame_000045.png
51000000,frame_000046.png
52000000,frame_000047.png
53000000,frame_000048.png
54000000,frame_000049.png
55000000,frame_000050.png
56000000,frame_000051.png
57000000,frame_000052.png
58000000,frame_000053.png
59000000,frame_000054.png
60000000,frame_000055.png
61000000,frame_000056.png
62000000,frame_000057.png
63000000,frame_000058.png
64000000,frame_000059.png
65000000,frame_000060.png
66000000,frame_000061.png
67000000,frame_000062.png
68000000,frame_000063.png
69000000,frame_000064.png
70000000,frame_000065.png
71000000,frame_000066.png
72000000,frame_000067.png
73000000,frame_000068.png
74000000,frame_000069.png
75000000,frame_000070.png
76000000,frame_000071.png
77000000,frame_000072.png
78000000,frame_000073.png
79000000,frame_000074.png
80000000,frame_000075.png
81000000,frame_000076.png
82000000,frame_000077.png
83000000,frame_000078.png
84000000,frame_000079.png
85000000,frame_000080.png
86000000,frame_000081.png
87000000,frame_000082.png
88000000,frame_000083.png
89000000,frame_000084.png
90000000,frame_000085.png
91000000,frame_000086.png
92000000,frame_000087.png
93000000,frame_000088.png
94000000,frame_000089.png
95000000,frame_000090.png
96000000,frame_000091.png
97000000,frame_000092.png
98000000,frame_000093.png
99000000,frame_000094.png
100000000,frame_000095.png
101000000,frame_000096.png
102000000,frame_000097.png
103000000,frame_000098.png
104000000,frame_000099.png
105000000,frame_000100.png
106000000,frame_000101.png
107000000,frame_000102.png
108000000,frame_000103.png
109000000,frame_000104.png
110000000,frame_000105.png
111000000,frame_000106.png
112000000,frame_000107.png
113000000,frame_000108.png
114000000,frame_000109.png
115000000,frame_000110.png
116000000,frame_000111.png
117000000,frame_000112.png
118000000,frame_000113.png
119000000,frame_000114.png
120000000,frame_000115.png
121000000,frame_000116.png
122000000,frame_000117.png
123000000,frame_000118.png
124000000,frame_000119.png
125000000,frame_000120.png
126000000,frame_000121.png
127000000,frame_000122.png
128000000,frame_000123.png
129000000,frame_000124.png
130000000,frame_000125.png
131000000,frame_000126.png
132000000,frame_000127.png
133000000,frame_000128.png
134000000,frame_000129.png
135000000,frame_000130.png
136000000,frame_000131.png
137000000,frame_000132.png
138000000,frame_000133.png
139000000,frame_000134.png
140000000,frame_000135.png
141000000,frame_000136.png
142000000,frame_000137.png
143000000,frame_000138.png
144000000,frame_000139.png
145000000,frame_000140.png
146000000,frame_000141.png
147000000,frame_000142.png
148000000,frame_000143.png
149000000,frame_000144.png
150000000,frame_000145.png
151000000,frame_000146.png
152000000,frame_000147.png
153000000,frame_000148.png
154000000,frame_000149.png
155000000,frame_000150.png
156000000,frame_000151.png
157000000,frame_000152.png
158000000,frame_000153.png
159000000,frame_000154.png
160000000,frame_000155.png
161000000,frame_000156.png
162000000,frame_000157.png
163000000,frame_000158.png
164000000,frame_000159.png
165000000,frame_000160.png
166000000,frame_000161.png
167000000,frame_000162.png
168000000,frame_000163.png
169000000,frame_000164.png
170000000,frame_000165.png
171000000,frame_000166.png
172000000,frame_000167.png
173000000,frame_000168.png
174000000,frame_000169.png
175000000,frame_000170.png
176000000,frame_000171.png
177000000,frame_000172.png
178000000,frame_000173.png
179000000,frame_000174.png
180000000,frame_000175.png
181000000,frame_000176.png
182000000,frame_000177.png
183000000,frame_000178.png
184000000,frame_000179.png
185000000,frame_000180.png
186000000,frame_000181.png
187000000,frame_000182.png
188000000,frame_000183.png
189000000,frame_000184.png
190000000,frame_000185.png
191000000,frame_000186.png
192000000,frame_000187.png
193000000,frame_000188.png
194000000,frame_000189.png
